id,questionNumber,section,stem,optionA,optionB,optionC,optionD,answer,explanation,difficulty,domain,skill,questionType,cognitiveLevel,calculatorAllowed,testName,processingTimestamp,qualityValidated
95be4666-26ce-4c89-9ee9-2a09e9454958,8,Math,"The immersive theater experience ""Sleep No More,"" which began in New York City in 2011, transforms a five-story warehouse into a 1930s-era hotel. Audience members navigate this labyrinthine venue independently, following actors through simultaneous, interweaving narrative loops, thereby confronting the inherent impossibility of experiencing the entire production. The play's deliberate rejection of a singular, coherent narrative relies heavily on the spatial fragmentation generated by the venue's immense and intricate layout.

Based on the provided text, what is the most logical inference about the significance of the performance space to the production of ""Sleep No More""?","The specific location of the performance space in New York City was crucial for the artistic freedom to innovate with theatrical design, which would not have been possible in a conventional theater elsewhere.","Audience members typically leave the production feeling frustrated by their inability to experience the entire narrative and explore every part of the venue, leading to a sense of incompleteness.","The unique and integral role of the expansive, intricate performance venue in shaping the audience's experience and the play's narrative structure suggests that replicating the production precisely in another space would be highly challenging.","Following a recommended route or guided tour within the venue would significantly enhance an audience member's comprehension of the overall plot, overcoming the inherent narrative fragmentation.",C,"This question requires you to make an inference based on the explicit details provided in the text about 'Sleep No More' and its performance space.

1.  **Analyze the Text for Clues about the Space:** The text emphasizes several key aspects of the performance space:
    *   It's a 'five-story warehouse' transformed into a '1930s-era hotel.'
    *   It's a 'labyrinthine venue' that audience members 'wander through... at their own pace.'
    *   The 'immense and intricate layout generates' a 'sense of spatial fragmentation.'
    *   This fragmentation is crucial because the 'play’s refusal of narrative coherence thus hinges on' it.
    *   The audience 'confront[s] the impossibility of experiencing the production in its entirety.'

2.  **Evaluate Option C:** This option states that the unique role of the venue makes replication difficult. The text strongly supports this. The immersive nature, the narrative fragmentation, and the audience's inability to see everything are all direct consequences of the 'immense and intricate layout.' If the unique characteristics of this specific space are so fundamental to the play's structure and audience experience ('hinges on the sense of spatial fragmentation'), then attempting to reproduce that exact experience in a different, likely less unique, space would be extremely challenging. This option is a logical inference from the given details.

3.  **Evaluate Option A (Incorrect):** This option focuses on New York City as the key factor for experimentation. While 'Sleep No More' premiered in NYC, the text does not connect the *location* of New York City itself to the ability to experiment with theatrical space. Instead, it highlights the *nature* of the venue (a 'five-story warehouse') and its 'immense and intricate layout' as critical to the experimental, immersive experience. The text does not provide information to support the claim that experimentation would be impossible elsewhere.

4.  **Evaluate Option B (Incorrect):** This option suggests audience disappointment. The text states that audience members 'confront the impossibility of experiencing the production in its entirety,' but it never implies this confrontation leads to disappointment or frustration. In fact, the way it's phrased ('confront the impossibility') suggests it's an intended and accepted part of the unique experience, contributing to the play's 'refusal of narrative coherence,' rather than a flaw.

5.  **Evaluate Option D (Incorrect):** This option proposes a recommended itinerary. The text explicitly states that audience members 'wander through the labyrinthine venue at their own pace.' It does not mention any recommended routes, guided tours, or itineraries. This option introduces information not supported by the text.

Therefore, Option C is the most strongly suggested inference based on the textual evidence.",Medium,Reading Comprehension,Inference,Reading Comprehension,Analysis,false,Math,2025-09-17T20:02:30.220Z,true
8f851e91-ade1-4f6c-ad42-4eb735b1b973,9,Math,"According to the passage, what is the historians' view of pachuca style?",They believe pachuca style was a highly popular trend whose influence extends to contemporary fashion in the United States.,They consider pachuca style a means for some Mexican American women to express their individuality and challenge rigid social expectations.,They suggest pachuca style was a celebrated fashion that demonstrated Mexican American women's patriotism during World War II.,They argue pachuca style was comparable to other contemporary fashion trends adopted by diverse groups of women.,C,"To determine the historians' view, we must focus on the sentences in the passage that specifically state what 'historians see'. The text first describes the pachuca style and notes that 'Some people criticized pachuca style, saying it was dangerous and women should dress traditionally.' It then contrasts this with the historians' perspective: 'But historians see things differently. They see pachuca style as a form of rebellion against the era’s rigid social expectations for women. They say that it showed a desire for self-expression and freedom on the part of women who adopted the style.' 

*   **Choice B is correct** because it directly synthesizes these statements. Historians indeed view pachuca style as a 'form of rebellion against the era’s rigid social expectations' and a 'desire for self-expression and freedom' – which aligns perfectly with 'express their individuality and challenge rigid social expectations'.

*   **Choice A is incorrect** because the passage describes pachuca style as a distinctive look 'During the World War II era' but does not mention its lasting influence on fashion to the present day.

*   **Choice C is incorrect** because the text explicitly states historians view it as 'a form of rebellion against the era’s rigid social expectations for women,' not as a way to show support or patriotism for the United States during World War II. In fact, rebellion implies resistance, not support for societal norms.

*   **Choice D is incorrect** because the passage focuses solely on pachuca style and does not compare it to other fashion trends adopted by different groups of women during the same period.",Medium,Reading Comprehension,Locating Specific Information,Reading Comprehension,Analysis,false,Math,2025-09-17T20:02:35.848Z,true
25190528-61aa-4894-a669-cb9d42146faa,11,Math,"Although many transposons, DNA sequences that move within an organism’s genome, often become inactive, some from the long interspersed nuclear elements (LINE) family remain active in certain species. In humans, active LINE transposons are functionally important within the hippocampus, a brain structure crucial for complex cognitive processes. Following the 2022 molecular analysis of two intelligent octopus species (*Octopus vulgaris* and *Octopus bimaculoides*), which confirmed the presence of LINE transposons, researchers hypothesized that this transposon family is fundamentally linked to a species’ capacity for advanced cognition.

Which of the following hypothetical findings would most directly strengthen the researchers’ hypothesis?",The LINE transposon in *O. vulgaris* and *O. bimaculoides* genomes is active in an octopus brain structure that functions similarly to the human hippocampus.,The human genome contains multiple transposons from the LINE family that are all primarily active in the hippocampus.,"A consistent number of copies of LINE transposons is present across the genomes of most octopus species, with few known corruptions.","*O. vulgaris* and *O. bimaculoides* have smaller brains than humans do relative to body size, but their genomes contain sequences from a wider variety of transposon families.",A,"The core hypothesis to be supported is that the LINE transposon family is linked to a species' capacity for advanced cognition. This hypothesis is built on the observation that LINE transposons are active in the human hippocampus, a region known for complex cognition, and that LINE transposons are present in intelligent octopuses.

*   **Choice A (Correct):** This finding directly links the LINE transposon in octopuses to a brain structure that is functionally analogous to the human hippocampus. If LINE transposons are active in a similar cognitive processing center in octopuses as they are in humans, it provides strong comparative evidence that LINEs play a consistent role in supporting advanced cognition across different species. This directly strengthens the researchers' general hypothesis.

*   **Choice B (Incorrect):** This statement reiterates information already implied or known about humans (that LINEs are active in the human hippocampus). While true, it doesn't provide new, comparative evidence from octopuses or other species to support the *general* hypothesis that LINEs are tied to advanced cognition *in a species*. The hypothesis needs broader support than just human-specific details.

*   **Choice C (Incorrect):** This option focuses on the quantity and integrity (few corruptions) of LINE transposons in octopuses, rather than their functional activity or role in cognition. The mere consistent presence of LINEs, without a connection to cognitive function, does not directly support the hypothesis linking them to advanced cognition.

*   **Choice D (Incorrect):** This option introduces irrelevant information about brain size relative to body size and the variety of *other* transposon families. The hypothesis specifically concerns the *LINE* family and its functional link to advanced cognition. Information about overall brain size or other transposon types does not directly support this specific hypothesis.",Medium,Reading Comprehension,Strengthening a Hypothesis/Argument,Multiple Choice,Analysis,false,Math,2025-09-17T20:02:50.048Z,true